,Accuracy,AUC,Returns,SD,SR
0,0.49309815950920244,0.4930790800963565,-0.1296704363801301,0.0556799204662182,-0.21311677011109853
