,Accuracy,AUC,Returns,SD,SR
0,0.5099693251533742,0.5098422035618171,0.09811336560020223,0.06710890926745446,0.16866293776150176
