,Accuracy,AUC,Returns,SD,SR
0,0.5015337423312883,0.501269773276627,-0.02802952463932995,0.06930677965820553,-0.0033566638157055393
