,Accuracy,AUC,Returns,SD,SR
0,0.49233128834355827,0.4907788432497735,0.23684138123374776,0.06332707166198363,0.35603081942709863
